{"ANN": {"Precision": 0.9333890220595806, "Recall": 0.925, "F1 Score": 0.9248906029891355, "Accuracy": 0.925}, "1D CNN": {"Precision": 0.8897006823399043, "Recall": 0.8772727272727273, "F1 Score": 0.8717236721485261, "Accuracy": 0.8772727272727273}, "ResNet-style": {"Precision": 0.9591096681096681, "Recall": 0.9386363636363636, "F1 Score": 0.9393934863844755, "Accuracy": 0.9386363636363636}}