{"ANN": {"Precision": 0.931620984481947, "Recall": 0.9181818181818182, "F1 Score": 0.9192982279494238, "Accuracy": 0.9181818181818182}, "1D CNN": {"Precision": 0.8853206782840628, "Recall": 0.884090909090909, "F1 Score": 0.8779407079554158, "Accuracy": 0.884090909090909}, "ResNet-style": {"Precision": 0.9726164316966455, "Recall": 0.9659090909090909, "F1 Score": 0.9669132185608089, "Accuracy": 0.9659090909090909}}