{"ANN": {"Precision": 0.9508797252518648, "Recall": 0.9454545454545454, "F1 Score": 0.9462439225970444, "Accuracy": 0.9454545454545454}, "1D CNN": {"Precision": 0.8881884263099159, "Recall": 0.884090909090909, "F1 Score": 0.8787561722930238, "Accuracy": 0.884090909090909}, "ResNet-style": {"Precision": 0.9639339234219618, "Recall": 0.9590909090909091, "F1 Score": 0.958293230009751, "Accuracy": 0.9590909090909091}}