{"Logistic Regression": {"Accuracy": 0.9636363636363636, "F1 Score": 0.9635115059268677, "Precision": 0.9644420567548909, "Recall": 0.9636363636363636}, "Naive Bayes": {"Accuracy": 0.9954545454545455, "F1 Score": 0.9954229797979799, "Precision": 0.9958181818181817, "Recall": 0.9954545454545455}, "SVM": {"Accuracy": 0.9681818181818181, "F1 Score": 0.9680271341017991, "Precision": 0.9715171192443921, "Recall": 0.9681818181818181}, "Decision Tree": {"Accuracy": 0.9818181818181818, "F1 Score": 0.9818173372521197, "Precision": 0.9823637347500983, "Recall": 0.9818181818181818}, "Random Forest": {"Accuracy": 0.9931818181818182, "F1 Score": 0.9931754816901672, "Precision": 0.9937348484848485, "Recall": 0.9931818181818182}, "K-Nearest Neighbors": {"Accuracy": 0.9568181818181818, "F1 Score": 0.9567492608232794, "Precision": 0.9628976143584398, "Recall": 0.9568181818181818}, "Gradient Boosting": {"Accuracy": 0.9818181818181818, "F1 Score": 0.9818514668069125, "Precision": 0.9842712842712842, "Recall": 0.9818181818181818}}